Customer_ID,Age,Income,Loan_Amount,Loan_Term,Employment_Status,Credit_History,Marital_Status,Dependents,Bank_Statement_Score,CIBIL_Score,Default
1001,59,24018,97837,12,Unemployed,1,Divorced,0,0.84,492,1
1002,49,31302,310550,12,Salaried,0,Divorced,3,0.03,325,1
1003,35,87506,323680,36,Salaried,1,Married,0,0.84,614,1
1004,63,61157,78541,48,Salaried,1,Single,3,0.46,525,1
1005,28,74917,129083,24,Unemployed,1,Married,0,0.22,528,1
1006,41,112738,494243,12,Salaried,1,Single,3,0.13,591,1
1007,59,116646,84531,24,Unemployed,1,Divorced,2,0.95,681,0
1008,39,103122,320856,48,Salaried,1,Divorced,2,0.07,567,1
1009,43,44519,416245,48,Self-Employed,1,Divorced,2,0.2,467,1
1010,31,116809,377599,60,Salaried,1,Divorced,0,0.35,621,1
1011,31,107487,124744,48,Salaried,1,Divorced,2,0.62,630,1
1012,44,76819,302859,36,Unemployed,0,Single,1,0.54,463,1
1013,56,100910,179749,12,Unemployed,1,Single,2,0.13,569,1
1014,60,140430,317253,60,Salaried,0,Divorced,3,0.29,561,1
1015,44,91324,361412,36,Self-Employed,1,Married,3,0.24,561,1
1016,23,25408,281809,24,Salaried,1,Married,3,0.21,431,1
1017,42,79379,366759,12,Salaried,1,Divorced,0,0.41,555,1
1018,22,45053,132503,48,Self-Employed,1,Single,1,0.7,518,1
1019,44,29446,304346,12,Unemployed,1,Married,2,0.22,440,1
1020,64,20922,472975,24,Salaried,0,Married,1,0.37,339,1
1021,50,118723,135708,60,Unemployed,1,Married,1,0.39,629,1
1022,58,71356,241184,60,Unemployed,1,Divorced,3,0.98,597,1
1023,22,30789,152471,60,Self-Employed,1,Married,3,0.95,516,1
1024,41,117720,304225,48,Self-Employed,1,Married,3,0.8,668,0
1025,53,86656,207661,36,Unemployed,1,Married,0,0.24,552,1
1026,32,64028,211087,36,Salaried,1,Married,1,0.07,492,1
1027,42,84484,210081,12,Unemployed,1,Single,1,0.32,556,1
1028,64,52154,395453,48,Salaried,0,Divorced,0,0.27,389,1
1029,45,102870,438590,60,Salaried,0,Divorced,0,0.51,510,1
1030,47,22336,243118,60,Self-Employed,0,Single,0,0.78,382,1
1031,62,123677,418805,24,Salaried,1,Single,1,0.86,685,0
1032,48,87779,207215,24,Salaried,1,Divorced,1,0.84,614,1
1033,36,39029,56154,60,Unemployed,1,Married,3,0.36,473,1
1034,35,79201,202876,60,Self-Employed,1,Married,3,0.69,583,1
1035,64,52265,484904,48,Salaried,1,Divorced,1,0.31,493,1
1036,23,122916,114288,36,Salaried,1,Married,3,0.06,604,1
1037,57,132250,101195,24,Self-Employed,1,Single,0,0.7,686,0
1038,27,136553,332725,36,Unemployed,0,Married,2,0.01,525,1
1039,41,63872,495864,48,Self-Employed,1,Married,3,0.41,525,1
1040,29,66197,342231,60,Self-Employed,1,Married,1,0.33,522,1
1041,59,145733,231002,36,Salaried,1,Divorced,3,0.69,711,0
1042,38,75180,214053,60,Salaried,1,Single,3,0.77,583,1
1043,24,43710,119298,60,Unemployed,1,Married,3,0.3,476,1
1044,45,49486,358311,12,Salaried,1,Divorced,2,0.81,538,1
1045,34,91907,256376,36,Salaried,0,Married,0,0.29,467,1
1046,29,148876,486624,36,Self-Employed,1,Single,1,0.45,693,0
1047,46,91895,89499,60,Salaried,1,Married,2,0.73,611,1
1048,22,84435,437960,48,Unemployed,1,Single,1,0.69,593,1
1049,40,60631,495485,12,Self-Employed,1,Married,1,0.99,577,1
1050,48,149038,219631,60,Unemployed,1,Single,1,0.23,671,1
1051,27,121532,295198,24,Self-Employed,1,Married,2,0.66,661,0
1052,64,40103,292997,24,Salaried,1,Single,0,0.61,500,1
1053,28,84772,146347,12,Self-Employed,1,Married,1,0.92,617,1
1054,55,146108,360931,48,Self-Employed,1,Married,0,0.16,659,1
1055,34,34382,347632,60,Salaried,1,Divorced,0,0.75,503,1
1056,37,104291,386585,36,Salaried,1,Divorced,3,0.57,619,1
1057,56,121195,255735,12,Unemployed,1,Single,2,0.27,622,1
1058,60,23756,72431,48,Unemployed,0,Married,2,0.47,354,1
1059,24,40609,373825,36,Salaried,1,Single,3,0.33,473,1
1060,22,134074,244555,24,Salaried,1,Divorced,3,0.58,677,0
1061,26,36478,172720,24,Salaried,1,Single,0,0.89,521,1
1062,62,120978,99153,36,Self-Employed,1,Single,1,0.57,651,0
1063,24,59666,318512,12,Self-Employed,1,Divorced,2,0.63,539,1
1064,49,95683,470640,24,Self-Employed,1,Married,1,0.52,598,1
1065,38,119097,424504,60,Salaried,1,Single,1,0.05,596,1
1066,46,144714,226076,36,Unemployed,0,Divorced,3,0.23,563,1
1067,64,120420,269724,36,Salaried,1,Married,1,0.49,642,1
1068,54,91315,424899,24,Self-Employed,1,Divorced,0,0.31,568,1
1069,30,97834,106985,12,Self-Employed,1,Single,3,0.18,568,1
1070,56,146205,362213,60,Salaried,1,Married,1,0.5,693,0
1071,34,34153,364470,12,Salaried,1,Married,3,0.32,459,1
1072,51,129415,158737,48,Self-Employed,1,Divorced,0,0.26,636,1
1073,35,96325,262133,48,Self-Employed,1,Divorced,0,0.46,593,1
1074,28,129701,204470,24,Self-Employed,1,Divorced,1,0.13,624,1
1075,34,32999,279465,24,Salaried,1,Married,3,0.93,518,1
1076,43,75318,100861,24,Self-Employed,1,Married,1,0.87,593,1
1077,60,20814,388041,48,Self-Employed,1,Single,1,0.71,473,1
1078,41,135033,262977,12,Unemployed,1,Married,3,0.11,632,1
1079,36,96077,177118,12,Salaried,1,Single,1,0.78,624,1
1080,38,110474,380721,24,Unemployed,1,Divorced,0,0.81,655,0
1081,44,22443,246713,60,Unemployed,1,Divorced,3,0.77,482,1
1082,46,95993,59078,12,Self-Employed,0,Married,3,0.11,457,1
1083,45,95916,468219,48,Salaried,1,Divorced,3,0.64,610,1
1084,61,93319,374912,36,Self-Employed,1,Divorced,3,0.83,624,1
1085,49,145885,101047,36,Salaried,1,Married,1,0.58,700,0
1086,35,129777,383770,36,Unemployed,1,Single,1,0.65,676,0
1087,21,37368,369804,60,Salaried,1,Married,0,0.46,479,1
1088,45,35328,285458,24,Self-Employed,1,Single,2,0.53,482,1
1089,27,76942,493002,48,Self-Employed,1,Married,2,0.03,513,1
1090,29,111751,445141,60,Self-Employed,0,Married,0,0.64,540,1
1091,44,119131,265048,48,Salaried,1,Divorced,2,0.08,599,1
1092,21,47306,286293,48,Unemployed,1,Married,0,0.44,497,1
1093,64,105451,167832,24,Unemployed,1,Married,1,0.29,593,1
1094,28,59915,442550,36,Salaried,1,Single,3,0.55,532,1
1095,44,57219,175150,24,Self-Employed,1,Divorced,3,0.13,485,1
1096,31,100879,207087,60,Unemployed,1,Single,1,0.69,625,1
1097,37,131939,83320,60,Self-Employed,1,Single,3,0.8,695,0
1098,28,84644,377025,60,Salaried,1,Divorced,3,0.16,540,1
1099,55,80279,140827,24,Self-Employed,1,Divorced,2,0.1,526,1
1100,55,73028,414359,48,Unemployed,1,Divorced,1,0.15,517,1
1101,53,124263,469505,48,Unemployed,1,Married,2,0.88,689,0
1102,25,20126,309931,12,Self-Employed,1,Divorced,2,0.53,453,1
1103,62,72329,446605,60,Salaried,1,Divorced,3,0.47,548,1
1104,59,47632,468899,48,Self-Employed,1,Divorced,3,0.11,464,1
1105,61,127099,456845,12,Salaried,1,Single,1,0.65,671,0
1106,48,85310,373694,48,Self-Employed,0,Single,3,0.87,513,1
1107,27,129945,74826,60,Unemployed,1,Married,3,0.83,694,0
1108,29,75176,150734,36,Salaried,1,Single,1,0.63,569,1
1109,28,139797,207702,60,Salaried,1,Married,3,0.08,638,1
1110,32,106066,279834,24,Salaried,1,Single,2,0.11,577,1
1111,54,125500,227235,48,Unemployed,1,Divorced,1,0.05,608,1
1112,53,146413,148511,48,Self-Employed,1,Single,3,0.26,669,1
1113,43,64327,323797,24,Unemployed,1,Married,0,0.14,499,1
1114,44,88904,209033,24,Salaried,1,Single,1,0.26,559,1
1115,57,23797,131941,36,Self-Employed,1,Divorced,1,0.39,446,1
1116,55,67882,255209,48,Unemployed,0,Married,0,0.94,486,1
1117,64,33718,345806,48,Salaried,1,Divorced,3,0.61,487,1
1118,60,54560,148818,36,Salaried,1,Divorced,3,0.83,549,1
1119,42,96589,499662,12,Unemployed,1,Married,1,0.71,618,1
1120,47,42116,202360,36,Unemployed,1,Divorced,1,0.11,454,1
1121,55,56244,303627,60,Unemployed,1,Divorced,3,0.74,544,1
1122,21,121721,145081,48,Salaried,1,Single,3,0.28,624,1
1123,55,21645,86877,24,Unemployed,1,Divorced,2,0.64,467,1
1124,57,67523,423706,60,Salaried,1,Divorced,1,0.34,525,1
1125,34,144085,458529,48,Unemployed,0,Divorced,1,1,639,1
1126,23,137718,261957,36,Salaried,0,Divorced,0,0.26,552,1
1127,21,39256,122715,60,Salaried,1,Married,2,0.28,465,1
1128,25,121376,191398,48,Self-Employed,0,Single,3,0.93,588,1
1129,46,120158,160091,12,Unemployed,0,Divorced,2,0.02,495,1
1130,34,73173,182632,12,Unemployed,1,Divorced,3,0.7,572,1
1131,59,57430,391292,24,Salaried,1,Married,3,0.73,545,1
1132,47,59282,133186,48,Salaried,1,Divorced,2,0.84,560,1
1133,29,139719,469961,12,Salaried,0,Married,1,0.97,627,1
1134,35,83374,212962,36,Self-Employed,1,Single,3,0.98,620,1
1135,35,88244,201094,48,Self-Employed,0,Single,2,0.07,438,1
1136,46,31694,435773,36,Salaried,1,Divorced,0,0.82,504,1
1137,62,76264,495795,36,Unemployed,1,Divorced,2,0.65,573,1
1138,33,95060,120316,12,Unemployed,1,Divorced,0,0.65,609,1
1139,52,117416,78380,48,Self-Employed,1,Married,3,0.13,600,1
1140,59,77545,160198,60,Self-Employed,0,Divorced,2,0.65,476,1
1141,52,138195,314500,12,Salaried,1,Divorced,2,0.98,725,0
1142,24,59224,120326,12,Unemployed,1,Single,0,0.91,566,1
1143,50,122516,404591,48,Salaried,1,Divorced,2,0.44,641,1
1144,57,117945,164994,48,Self-Employed,0,Single,2,0.04,492,1
1145,43,33224,270971,36,Unemployed,1,Divorced,3,0.36,461,1
1146,59,60738,332193,48,Unemployed,1,Single,2,0.83,561,1
1147,35,45150,417505,36,Self-Employed,1,Divorced,1,0.7,518,1
1148,63,83731,328226,12,Salaried,1,Single,0,0.46,569,1
1149,49,69688,312805,24,Salaried,1,Married,2,0.06,502,1
1150,56,119929,218484,60,Unemployed,1,Single,0,0.43,635,1
1151,33,128618,315064,12,Self-Employed,1,Single,0,0.47,656,0
1152,52,93509,295378,48,Unemployed,1,Single,0,0.93,634,1
1153,27,28577,391705,60,Self-Employed,1,Divorced,2,0.64,480,1
1154,42,28070,321090,24,Salaried,1,Divorced,2,0.31,447,1
1155,48,146161,275314,24,Self-Employed,1,Divorced,0,0.53,696,0
1156,22,28666,488716,36,Salaried,1,Married,1,0.07,424,1
1157,62,77761,285612,60,Self-Employed,1,Married,0,0.97,608,1
1158,26,141178,328453,36,Unemployed,1,Single,1,0.36,669,0
1159,48,56368,105230,12,Salaried,1,Married,0,0.48,518,1
1160,48,26783,423966,60,Unemployed,1,Single,3,0.36,449,1
1161,64,131530,473243,12,Unemployed,1,Single,0,0.68,682,0
1162,64,61914,424484,36,Salaried,1,Single,0,0.66,547,1
1163,40,90507,109321,60,Salaried,0,Married,2,0.72,508,1
1164,50,147738,182028,36,Unemployed,1,Divorced,1,0.27,673,1
1165,31,99026,281447,60,Unemployed,1,Married,3,0.32,584,1
1166,48,135893,386275,36,Unemployed,0,Single,1,0.13,536,1
1167,45,131255,491124,24,Unemployed,1,Single,3,0.66,680,0
1168,59,130616,338107,36,Salaried,1,Married,0,0.04,617,1
1169,53,87526,151757,24,Salaried,0,Single,2,0.6,490,1
1170,21,90835,482659,36,Unemployed,1,Single,2,0.87,623,1
1171,47,65765,411403,60,Self-Employed,1,Married,1,0.89,577,1
1172,33,39956,351207,60,Self-Employed,1,Married,2,0.45,483,1
1173,61,107895,426369,60,Salaried,1,Married,1,0.46,615,1
1174,23,66240,428544,48,Unemployed,1,Single,1,0.08,497,1
1175,59,141008,392962,12,Unemployed,0,Single,3,0.67,600,1
1176,26,57148,316847,60,Salaried,1,Divorced,1,0.82,553,1
1177,28,114270,246200,24,Self-Employed,1,Divorced,3,0.24,605,1
1178,47,147978,122099,60,Self-Employed,1,Married,2,0.42,688,0
1179,29,24757,469065,48,Self-Employed,0,Divorced,1,0.84,393,1
1180,57,39097,212932,24,Salaried,1,Single,1,0.88,525,1
1181,53,30395,81585,48,Self-Employed,0,Divorced,0,0.24,344,1
1182,62,36241,465231,24,Salaried,0,Single,1,0.55,386,1
1183,64,123892,93585,36,Salaried,1,Married,1,0.19,619,1
1184,44,47696,339102,12,Unemployed,1,Married,0,0.1,463,1
1185,35,135654,338161,12,Self-Employed,1,Single,0,0.91,713,0
1186,52,90480,436821,48,Salaried,1,Divorced,2,0.82,618,1
1187,52,66163,488566,12,Self-Employed,1,Married,1,0.76,565,1
1188,44,39816,455417,48,Self-Employed,1,Married,2,0.05,443,1
1189,61,69840,341570,48,Unemployed,1,Divorced,2,0.84,580,1
1190,32,122547,329922,48,Self-Employed,1,Divorced,0,0.44,641,1
1191,59,72853,226313,12,Unemployed,1,Single,3,0.34,536,1
1192,22,44917,92229,48,Salaried,1,Divorced,2,0.55,503,1
1193,23,116731,136652,12,Self-Employed,0,Divorced,3,0.09,495,1
1194,57,41566,440411,48,Salaried,1,Divorced,1,0.76,517,1
1195,37,95452,299474,60,Self-Employed,0,Single,0,0.58,503,1
1196,22,82823,229436,48,Salaried,1,Single,1,0.19,540,1
1197,22,141392,438647,24,Self-Employed,1,Married,1,0.19,652,1
1198,48,40806,310116,48,Self-Employed,0,Single,0,0.18,358,1
1199,43,95520,397022,36,Self-Employed,1,Married,1,0.06,551,1
1200,57,21759,369200,48,Self-Employed,1,Divorced,0,0.59,462,1
1201,52,146092,470706,24,Self-Employed,1,Married,3,0.84,726,0
1202,53,61949,69975,24,Self-Employed,1,Married,1,0.02,483,1
1203,21,112374,207795,12,Self-Employed,1,Divorced,0,0.05,583,1
1204,39,22482,466495,60,Self-Employed,1,Married,2,0.57,462,1
1205,22,44442,259373,48,Self-Employed,1,Single,1,0.82,529,1
1206,64,53719,454777,12,Salaried,1,Single,3,0.33,498,1
1207,46,78066,247133,60,Unemployed,1,Single,0,0.35,547,1
1208,52,113501,400541,48,Self-Employed,1,Single,1,0.6,640,1
1209,26,22079,230225,36,Unemployed,1,Married,1,0.27,431,1
1210,52,22717,345286,48,Self-Employed,1,Married,1,0.03,408,1
1211,24,79676,339060,24,Self-Employed,0,Divorced,3,0.74,489,1
1212,31,47952,114324,24,Salaried,1,Married,0,0.63,517,1
1213,37,106444,226037,36,Salaried,1,Married,2,0.58,624,1
1214,58,62460,438076,12,Unemployed,1,Married,2,0.74,556,1
1215,44,110397,185720,60,Salaried,1,Divorced,2,0.68,642,1
1216,25,92847,216205,48,Salaried,1,Single,0,0.21,561,1
1217,54,113607,493893,24,Unemployed,1,Married,2,0.35,615,1
1218,26,109106,146059,12,Salaried,1,Divorced,3,0.13,584,1
1219,42,38449,148317,36,Self-Employed,0,Divorced,0,0.13,348,1
1220,31,53536,251207,24,Unemployed,1,Divorced,1,0.68,532,1
1221,36,84077,347190,36,Unemployed,1,Single,3,0.86,609,1
1222,53,58258,490280,48,Self-Employed,1,Married,1,0.96,570,1
1223,29,68302,151459,60,Salaried,1,Divorced,2,0.63,556,1
1224,26,145937,287697,24,Unemployed,1,Single,3,0.18,660,1
1225,36,48865,250422,24,Unemployed,1,Divorced,0,0.11,467,1
1226,49,26645,358037,48,Self-Employed,1,Divorced,3,0.81,494,1
1227,23,139771,151520,12,Self-Employed,1,Divorced,1,0.58,688,0
1228,40,58000,437962,60,Salaried,1,Divorced,0,0.62,535,1
1229,56,46737,111272,24,Unemployed,0,Divorced,3,0.78,429,1
1230,39,31485,273224,60,Salaried,1,Single,3,0.7,492,1
1231,46,58565,379793,24,Salaried,0,Married,3,0.83,457,1
1232,23,45522,376818,60,Self-Employed,1,Married,3,0.06,455,1
1233,39,139614,194832,36,Unemployed,0,Married,0,0.75,605,1
1234,40,85155,202999,24,Unemployed,1,Married,1,0.85,610,1
1235,52,75168,398619,60,Unemployed,1,Single,3,0.29,535,1
1236,27,72487,111367,12,Self-Employed,1,Single,0,0.64,565,1
1237,61,149948,279027,36,Self-Employed,0,Single,1,0.31,581,1
1238,53,32342,455804,36,Self-Employed,0,Divorced,3,0.96,420,1
1239,60,60806,433894,12,Self-Employed,0,Divorced,1,0.03,381,1
1240,59,68770,282750,60,Self-Employed,0,Divorced,1,0.58,452,1
1241,38,98623,285806,48,Unemployed,1,Married,0,0.17,568,1
1242,60,123177,430298,12,Salaried,1,Divorced,1,0.71,669,0
1243,21,119785,233305,60,Unemployed,1,Married,0,0.18,610,1
1244,31,95629,94738,12,Salaried,0,Divorced,3,0.24,469,1
1245,48,140993,83397,12,Self-Employed,1,Married,1,0.49,682,0
1246,45,72603,394333,24,Salaried,1,Divorced,1,0.91,592,1
1247,43,146944,388511,60,Unemployed,1,Divorced,2,0.21,665,1
1248,51,132726,252332,48,Unemployed,1,Single,3,0.14,631,1
1249,50,101974,432729,24,Salaried,1,Divorced,3,0.76,634,1
1250,62,125947,388763,12,Self-Employed,0,Divorced,2,0.5,554,1
1251,55,46399,161453,12,Self-Employed,1,Single,2,0.91,542,1
1252,27,148177,69816,12,Unemployed,1,Married,0,0.15,661,1
1253,36,105382,485456,60,Salaried,0,Single,0,0.65,529,1
1254,46,101244,449492,60,Self-Employed,1,Single,1,0.23,579,1
1255,22,129575,295011,24,Self-Employed,1,Married,1,0.16,627,1
1256,21,135520,391674,48,Unemployed,0,Divorced,1,0.68,590,1
1257,32,130904,466715,24,Self-Employed,1,Married,1,0.59,672,0
1258,25,96534,421000,36,Salaried,1,Divorced,0,0.75,622,1
1259,57,75106,263567,12,Unemployed,1,Divorced,3,0.31,537,1
1260,52,132599,121635,12,Unemployed,0,Married,1,0.45,562,1
1261,29,50678,419947,12,Salaried,1,Single,3,0.41,500,1
1262,61,96218,266184,24,Unemployed,1,Married,1,0.98,645,1
1263,55,83230,348090,24,Self-Employed,1,Divorced,2,0.29,551,1
1264,39,134684,367348,12,Self-Employed,1,Married,1,0.29,650,1
1265,36,94055,232958,24,Salaried,0,Married,1,0.35,477,1
1266,23,76373,327707,60,Self-Employed,0,Divorced,1,0.56,464,1
1267,40,51480,142324,60,Salaried,1,Single,0,0.25,486,1
1268,44,105230,273536,24,Salaried,1,Married,2,0.92,656,0
1269,53,88836,282944,12,Self-Employed,1,Divorced,1,0.27,559,1
1270,44,92258,321991,24,Salaried,1,Divorced,1,0.9,629,1
1271,31,59986,76155,24,Self-Employed,1,Married,3,0.1,487,1
1272,28,44160,391815,24,Unemployed,1,Single,2,0.66,512,1
1273,56,105595,166891,36,Unemployed,1,Married,1,0.91,656,0
1274,58,121358,395454,60,Salaried,0,Single,3,0.17,512,1
1275,60,99111,199381,48,Self-Employed,1,Single,3,0.97,649,1
1276,40,84929,181691,48,Self-Employed,1,Single,0,0.45,570,1
1277,55,93506,493324,36,Unemployed,1,Single,3,0.95,636,1
1278,45,54911,84707,24,Unemployed,1,Married,1,0.68,535,1
1279,55,107127,463553,36,Self-Employed,0,Divorced,0,0.3,498,1
1280,45,51821,393681,36,Salaried,0,Divorced,0,0.19,380,1
1281,49,95039,247576,12,Unemployed,0,Divorced,1,0.3,474,1
1282,38,80535,228686,60,Salaried,1,Divorced,2,0.09,525,1
1283,38,133453,272500,48,Salaried,1,Divorced,3,0.14,632,1
1284,22,104458,403299,24,Unemployed,1,Divorced,0,0.1,572,1
1285,55,32175,312425,48,Salaried,0,Married,2,0.42,365,1
1286,36,139235,208492,48,Salaried,1,Single,1,0.8,709,0
1287,61,74771,220102,60,Self-Employed,1,Divorced,3,0.14,519,1
1288,56,126660,444274,48,Salaried,1,Married,3,0.13,618,1
1289,53,147157,267285,48,Self-Employed,1,Divorced,0,0.64,709,0
1290,24,141300,388404,36,Unemployed,1,Divorced,3,0.2,653,1
1291,53,106925,209476,60,Unemployed,1,Single,3,0.1,577,1
1292,34,133374,284554,12,Self-Employed,0,Single,3,0.17,535,1
1293,41,86358,210928,24,Unemployed,1,Single,3,0.92,620,1
1294,40,37327,190272,48,Salaried,0,Divorced,1,0.82,415,1
1295,28,67057,376322,24,Salaried,1,Divorced,2,0.35,525,1
1296,27,26150,346141,12,Salaried,1,Divorced,1,0.66,478,1
1297,23,24425,468827,24,Unemployed,1,Single,1,0.54,463,1
1298,37,143654,169273,12,Salaried,1,Married,0,0.68,706,0
1299,53,36032,222307,36,Unemployed,1,Divorced,3,0.68,499,1
1300,32,22198,298500,48,Salaried,1,Divorced,1,0.63,467,1
1301,42,80500,216129,12,Self-Employed,1,Divorced,3,0.27,543,1
1302,42,73394,182311,24,Unemployed,1,Married,1,0.04,507,1
1303,50,40079,284746,48,Unemployed,1,Divorced,1,0.46,485,1
1304,58,56220,295546,36,Salaried,1,Married,0,0.89,559,1
1305,58,61874,246733,48,Unemployed,1,Divorced,2,0.57,538,1
1306,28,33859,176945,12,Unemployed,1,Married,2,0.83,510,1
1307,47,70460,95272,36,Self-Employed,1,Divorced,1,0.99,596,1
1308,47,51419,401537,24,Self-Employed,1,Single,0,0.16,476,1
1309,54,138865,373356,36,Salaried,1,Single,3,0.69,698,0
1310,41,28705,196470,36,Self-Employed,0,Single,3,0.67,384,1
1311,50,62880,170030,60,Salaried,1,Single,1,0.98,580,1
1312,53,149838,368647,36,Salaried,0,Divorced,2,0.99,649,1
1313,48,43236,449854,36,Salaried,1,Single,0,0.69,514,1
1314,53,107955,56570,48,Unemployed,1,Married,2,0.24,593,1
1315,25,105514,380929,24,Self-Employed,1,Single,3,0.8,644,1
1316,39,123145,59110,48,Salaried,1,Single,2,0.11,609,1
1317,24,35358,129141,48,Self-Employed,1,Single,3,0.78,508,1
1318,55,119713,62115,12,Salaried,1,Divorced,0,0.91,683,0
1319,37,114914,89062,48,Self-Employed,1,Single,0,0.38,621,1
1320,64,122870,335055,60,Self-Employed,1,Married,1,0.63,661,0
1321,48,96918,154061,60,Salaried,1,Single,1,0.43,591,1
1322,50,139179,344700,12,Unemployed,1,Single,2,0.44,673,0
1323,49,136243,440479,24,Self-Employed,1,Single,0,0.31,655,0
1324,26,34596,51969,24,Unemployed,1,Married,0,0.76,504,1
1325,55,53572,355897,48,Unemployed,1,Single,1,0.94,559,1
1326,61,98757,447686,48,Salaried,1,Married,3,0.94,645,1
1327,57,21279,171863,48,Salaried,1,Married,2,0.17,419,1
1328,44,83197,322369,24,Salaried,1,Single,2,0.87,609,1
1329,49,131496,173008,36,Self-Employed,1,Married,1,0.74,688,0
1330,51,82516,204268,60,Salaried,0,Divorced,0,0.25,445,1
1331,55,27083,155823,36,Salaried,1,Single,1,0.07,421,1
1332,53,140674,325813,36,Self-Employed,1,Single,1,0.27,659,1
1333,41,140307,480596,24,Self-Employed,1,Married,1,0.91,722,0
1334,52,146457,436542,36,Salaried,1,Married,1,0.63,706,0
1335,43,129397,160677,12,Salaried,1,Single,3,0.72,682,0
1336,53,37771,296958,48,Salaried,1,Divorced,3,0.26,460,1
1337,23,49975,98320,12,Salaried,1,Married,0,0.72,530,1
1338,38,65648,490630,60,Unemployed,0,Married,1,0.03,391,1
1339,45,145641,196649,48,Unemployed,1,Divorced,3,0.38,680,0
1340,62,68285,175354,36,Salaried,1,Divorced,0,0.63,556,1
1341,51,39063,138009,60,Unemployed,1,Single,1,0.15,452,1
1342,23,87642,307437,48,Self-Employed,1,Divorced,2,0.82,612,1
1343,60,110093,498625,36,Unemployed,0,Single,3,0.24,497,1
1344,44,134390,78625,12,Unemployed,1,Divorced,0,0.65,685,0
1345,52,106143,262112,48,Salaried,1,Married,2,0.41,607,1
1346,42,57599,336233,36,Unemployed,1,Single,1,0.6,532,1
1347,43,71920,86487,12,Unemployed,1,Single,1,0.11,511,1
1348,22,48529,278071,60,Unemployed,1,Single,1,0.02,457,1
1349,47,55954,422592,60,Unemployed,1,Divorced,3,0.91,560,1
1350,62,47856,362282,60,Self-Employed,1,Married,0,0.27,481,1
1351,22,22573,223895,60,Salaried,1,Single,2,0.82,487,1
1352,46,98344,480424,24,Salaried,0,Single,0,1,551,1
1353,37,55367,366205,48,Self-Employed,1,Single,3,0.21,489,1
1354,60,122337,473875,48,Unemployed,1,Single,0,0.27,624,1
1355,53,126732,151376,24,Self-Employed,1,Married,3,0.66,671,0
1356,29,119608,475106,36,Unemployed,1,Divorced,1,0.97,689,0
1357,63,80774,391278,36,Self-Employed,1,Married,2,0.92,609,1
1358,59,43752,359199,60,Salaried,1,Single,1,0.5,496,1
1359,49,75029,293341,12,Salaried,1,Married,0,0.8,586,1
1360,62,37685,331652,36,Salaried,1,Single,1,0.14,448,1
1361,46,71693,485503,12,Unemployed,1,Divorced,2,0.98,597,1
1362,55,136739,208056,48,Unemployed,1,Divorced,1,0.96,720,0
1363,45,75961,160169,12,Self-Employed,1,Divorced,2,0.16,524,1
1364,44,126937,320269,48,Self-Employed,1,Single,2,0.3,636,1
1365,33,144956,86059,24,Salaried,0,Married,1,0.1,550,1
1366,27,96908,153409,24,Unemployed,1,Divorced,3,0.27,575,1
1367,56,145537,460303,60,Self-Employed,1,Single,0,0.82,723,0
1368,40,146678,55704,36,Unemployed,1,Single,3,0.38,682,0
1369,21,94532,254456,60,Unemployed,1,Married,3,0.09,552,1
1370,28,101994,268200,48,Salaried,1,Divorced,1,0.34,592,1
1371,36,76133,161279,60,Salaried,0,Single,0,0.98,506,1
1372,34,117425,208280,12,Unemployed,1,Married,0,0.63,650,0
1373,32,145055,168516,48,Unemployed,1,Divorced,3,0.42,682,0
1374,43,81268,247096,24,Unemployed,1,Married,1,0.17,535,1
1375,35,112201,483098,36,Unemployed,1,Married,0,0.99,676,0
1376,48,58243,469139,48,Salaried,1,Single,3,0.82,556,1
1377,54,77384,426188,48,Self-Employed,1,Single,0,0.28,538,1
1378,22,51653,282549,12,Salaried,1,Single,1,0.07,468,1
1379,52,46657,79165,36,Self-Employed,1,Married,1,0.06,457,1
1380,43,59952,117203,24,Unemployed,1,Single,1,0.12,489,1
1381,42,42180,316258,48,Self-Employed,1,Married,0,0.58,501,1
1382,45,117432,86321,48,Salaried,1,Married,2,0.93,680,0
1383,42,141829,385441,12,Salaried,1,Single,0,0.5,684,0
1384,42,148377,408796,60,Unemployed,0,Divorced,2,0.84,631,1
1385,62,98411,411448,24,Salaried,1,Divorced,1,0.45,596,1
1386,26,21622,295014,36,Unemployed,1,Divorced,3,0.71,474,1
1387,35,68756,206498,48,Salaried,1,Married,2,0.73,567,1
1388,63,60809,67772,48,Salaried,0,Married,1,0.17,395,1
1389,57,36725,415898,24,Unemployed,0,Married,1,0.36,368,1
1390,53,81396,315856,60,Self-Employed,1,Single,2,0.64,582,1
1391,28,71226,444583,48,Salaried,1,Married,3,0.07,506,1
1392,64,126296,288389,24,Self-Employed,1,Single,1,0.36,640,1
1393,64,101182,165142,12,Salaried,1,Single,2,0.53,609,1
1394,25,102565,141736,60,Salaried,1,Divorced,3,1,659,0
1395,59,49402,101924,36,Salaried,1,Divorced,3,0.47,504,1
1396,24,24263,53726,48,Salaried,1,Divorced,1,0.82,490,1
1397,26,143489,401296,24,Self-Employed,1,Single,0,0.43,680,0
1398,52,116523,77723,12,Self-Employed,1,Single,0,0.8,666,0
1399,50,66828,439113,36,Salaried,1,Single,1,0.6,550,1
1400,55,140824,284182,24,Salaried,1,Married,3,0.89,721,0
1401,60,67924,412638,24,Self-Employed,0,Single,1,0.41,433,1
1402,36,94182,190180,36,Unemployed,1,Divorced,2,0.6,603,1
1403,33,113065,258786,12,Unemployed,1,Divorced,0,0.63,642,1
1404,62,79052,85643,12,Self-Employed,1,Single,2,0.42,556,1
1405,50,31664,212396,60,Salaried,1,Single,1,0.14,436,1
1406,39,55737,416040,48,Salaried,1,Divorced,1,0.09,478,1
1407,37,121332,264432,36,Unemployed,0,Single,3,0.02,497,1
1408,39,109563,189999,36,Unemployed,1,Divorced,3,0.87,659,0
1409,48,49373,405824,36,Self-Employed,1,Married,3,0.24,480,1
1410,46,137369,408690,12,Unemployed,1,Divorced,2,0.21,647,1
1411,57,56397,465659,48,Self-Employed,0,Married,3,0.74,444,1
1412,46,148575,129973,60,Unemployed,1,Single,1,0.32,679,0
1413,43,106145,375593,24,Unemployed,1,Single,3,0.51,617,1
1414,29,121371,159834,24,Unemployed,1,Married,0,0.16,611,1
1415,32,58709,286386,36,Salaried,1,Single,3,0.96,570,1
1416,21,136074,337681,48,Salaried,1,Married,2,0.85,708,0
1417,21,81120,389720,12,Salaried,1,Single,0,0.86,604,1
1418,54,39250,157522,48,Unemployed,1,Divorced,0,0.41,478,1
1419,52,41172,72612,48,Self-Employed,1,Single,0,0.76,517,1
1420,45,31555,275049,12,Self-Employed,1,Divorced,2,0.14,436,1
1421,60,107410,318615,36,Self-Employed,1,Divorced,1,0.01,569,1
1422,21,98617,216703,48,Self-Employed,1,Married,3,0.02,553,1
1423,36,73276,290069,24,Salaried,1,Single,0,0.59,561,1
1424,59,77492,273131,12,Salaried,1,Married,0,0.46,557,1
1425,25,73002,81348,60,Unemployed,1,Single,0,0.52,554,1
1426,42,140103,245804,36,Unemployed,0,Divorced,1,0.01,532,1
1427,49,144938,313321,12,Self-Employed,1,Divorced,1,0.42,682,0
1428,23,109599,185832,60,Salaried,1,Single,2,0.72,644,1
1429,32,92355,344923,60,Self-Employed,0,Single,1,0.44,483,1
1430,46,111248,333780,48,Unemployed,1,Married,3,0.73,648,1
1431,36,44762,131889,48,Unemployed,1,Single,2,0.23,471,1
1432,57,31046,103551,48,Self-Employed,1,Single,2,0.81,502,1
1433,42,116999,454772,12,Unemployed,1,Single,3,0.59,646,1
1434,49,144130,470814,12,Self-Employed,1,Married,3,0.21,660,1
1435,34,136021,192635,36,Salaried,0,Single,3,0.24,547,1
1436,48,48769,96819,48,Self-Employed,0,Divorced,2,0.63,418,1
1437,25,73302,385914,60,Salaried,1,Married,2,0.83,586,1
1438,50,43150,470182,24,Salaried,1,Married,2,0.42,487,1
1439,25,88247,262781,36,Unemployed,1,Divorced,3,0.26,557,1
1440,32,24853,208059,12,Unemployed,1,Divorced,3,0.87,496,1
1441,36,114613,390858,36,Unemployed,1,Divorced,0,0.67,649,1
1442,46,140900,239420,36,Self-Employed,1,Single,1,0.45,678,0
1443,46,109399,74596,36,Self-Employed,0,Divorced,0,0.49,521,1
1444,41,41792,476390,36,Unemployed,0,Single,3,0.2,362,1
1445,59,79129,376250,24,Self-Employed,0,Married,2,0.63,477,1
1446,56,126019,109182,48,Unemployed,1,Married,3,0.36,640,1
1447,53,94478,399307,60,Self-Employed,1,Divorced,1,1,643,1
1448,50,133811,351454,36,Salaried,1,Single,0,0.48,667,0
1449,57,134130,368232,36,Salaried,0,Divorced,0,0.49,568,1
1450,43,87298,178803,36,Unemployed,1,Divorced,2,0.57,586,1
1451,30,51987,189978,48,Self-Employed,0,Single,0,0.92,454,1
1452,25,35850,349058,12,Self-Employed,1,Divorced,0,0.8,510,1
1453,56,32112,422494,12,Salaried,1,Married,3,0.45,468,1
1454,54,141789,95379,24,Salaried,1,Divorced,0,0.72,706,0
1455,51,44058,295900,12,Unemployed,1,Single,0,0.59,505,1
1456,30,65420,308517,36,Salaried,1,Single,0,0.49,536,1
1457,39,58890,480866,36,Unemployed,1,Married,2,0.19,494,1
1458,52,86017,490097,36,Salaried,1,Single,2,0.46,573,1
1459,21,67304,358557,24,Salaried,1,Single,3,0.25,516,1
1460,25,52921,187084,36,Self-Employed,1,Married,0,0.91,554,1
1461,24,125921,231187,12,Salaried,1,Divorced,2,0.34,638,1
1462,36,21524,319295,48,Salaried,1,Married,2,0.95,498,1
1463,44,120424,107716,48,Unemployed,0,Divorced,3,0.53,546,1
1464,36,35048,405891,60,Salaried,1,Married,1,0.63,492,1
1465,22,55111,273725,12,Unemployed,1,Divorced,0,0.54,522,1
1466,48,57904,217450,36,Salaried,1,Married,2,0.13,486,1
1467,52,74912,223724,48,Salaried,1,Divorced,3,0.38,544,1
1468,47,54008,253502,12,Unemployed,1,Married,3,0.1,475,1
1469,40,20060,194539,48,Self-Employed,1,Divorced,3,0.62,462,1
1470,44,94666,474226,36,Unemployed,0,Married,2,0.45,489,1
1471,32,103559,171999,48,Unemployed,1,Single,0,0.78,639,1
1472,55,75337,164793,60,Unemployed,0,Divorced,1,0.22,428,1
1473,53,130616,497907,60,Self-Employed,1,Married,0,0.16,629,1
1474,53,33350,420321,48,Salaried,1,Divorced,3,0.41,467,1
1475,63,44354,62289,12,Unemployed,0,Divorced,3,0.93,440,1
1476,57,65186,226048,12,Unemployed,1,Married,1,0.71,558,1
1477,32,48145,224668,12,Self-Employed,1,Divorced,0,0.42,496,1
1478,23,54020,466387,48,Unemployed,1,Married,3,0.52,517,1
1479,21,106123,281513,12,Salaried,1,Single,3,0.08,574,1
1480,53,126667,307368,36,Self-Employed,1,Divorced,0,0.98,703,0
1481,60,95186,136365,60,Salaried,0,Single,3,0.67,512,1
1482,30,105469,280662,36,Salaried,1,Divorced,0,0.29,593,1
1483,63,40581,426158,12,Self-Employed,0,Divorced,3,0.59,399,1
1484,64,108929,225211,36,Unemployed,1,Divorced,0,0.11,582,1
1485,49,43051,229785,12,Salaried,0,Married,1,0.97,441,1
1486,33,71474,472950,48,Salaried,1,Single,3,0.17,516,1
1487,32,111748,122588,36,Salaried,1,Divorced,1,0.65,641,1
1488,51,145995,113646,48,Salaried,1,Married,3,0.25,667,1
1489,22,134618,315798,48,Self-Employed,1,Divorced,3,0.72,692,0
1490,55,89626,330887,24,Self-Employed,1,Married,2,0.78,612,1
1491,43,26960,360512,12,Salaried,1,Divorced,0,0.67,480,1
1492,37,55772,271097,60,Unemployed,0,Single,1,0.61,430,1
1493,46,41520,255244,12,Salaried,1,Single,1,0.89,530,1
1494,28,69481,449657,60,Unemployed,1,Divorced,1,0.08,503,1
1495,49,56408,169735,12,Salaried,0,Married,0,0.33,403,1
1496,46,114006,205683,48,Unemployed,0,Divorced,2,0.25,506,1
1497,30,148496,432035,36,Salaried,1,Married,1,0.99,746,0
1498,46,77134,157971,36,Unemployed,0,Divorced,0,0.39,449,1
1499,54,40491,62149,24,Salaried,1,Married,3,0.73,512,1
1500,61,21341,412246,60,Salaried,1,Single,1,0.68,471,1
1501,27,64623,371333,60,Unemployed,1,Divorced,1,0.21,507,1
1502,24,110327,288976,60,Self-Employed,1,Single,2,0.24,598,1
1503,31,20338,464891,48,Unemployed,1,Single,1,0.28,429,1
1504,49,91431,383175,60,Self-Employed,1,Divorced,1,0.41,578,1
1505,56,32254,92668,36,Salaried,1,Divorced,3,0.23,447,1
1506,45,71860,456889,48,Unemployed,1,Married,0,0.02,502,1
1507,41,31344,138204,12,Unemployed,1,Married,0,0.88,510,1
1508,56,21750,261830,60,Unemployed,1,Single,2,0.97,500,1
1509,30,74756,246501,60,Self-Employed,1,Married,3,0.34,539,1
1510,57,87957,466885,12,Self-Employed,1,Married,0,0.34,565,1
1511,29,125423,215140,60,Salaried,1,Divorced,3,0.01,604,1
1512,44,78053,269861,12,Self-Employed,1,Married,0,0.68,580,1
1513,55,90855,190507,48,Self-Employed,1,Single,3,0.83,619,1
1514,55,35896,275160,36,Salaried,0,Married,2,0.15,346,1
1515,56,75761,233321,12,Unemployed,1,Single,1,0.16,523,1
1516,38,82552,87384,24,Unemployed,1,Divorced,2,0.79,599,1
1517,59,140075,131929,12,Salaried,0,Single,0,0.62,593,1
1518,52,97454,440103,60,Unemployed,0,Married,2,0.04,453,1
1519,44,146522,126153,48,Self-Employed,0,Divorced,1,0.62,605,1
1520,43,138681,285128,48,Salaried,1,Married,2,0.31,659,0
1521,52,110600,125388,12,Salaried,1,Divorced,0,0.37,611,1
1522,57,142732,81401,36,Salaried,1,Divorced,0,0.77,713,0
1523,32,132153,252903,24,Unemployed,1,Married,2,0.81,697,0
1524,33,142926,169503,48,Salaried,0,Married,1,0.4,576,1
1525,43,47935,282601,60,Salaried,1,Divorced,2,0.95,549,1
1526,45,57641,177834,60,Salaried,1,Divorced,1,0.41,513,1
1527,55,49711,84084,36,Unemployed,1,Married,3,0.77,534,1
1528,61,90342,301459,48,Self-Employed,0,Single,1,0.48,483,1
1529,50,126896,160641,12,Salaried,1,Married,3,0.9,696,0
1530,37,32182,155111,60,Self-Employed,1,Divorced,2,0.91,514,1
1531,40,107833,499042,36,Unemployed,0,Married,1,0.09,478,1
1532,45,76276,479667,48,Unemployed,0,Single,3,0.94,502,1
1533,42,39541,188299,48,Unemployed,1,Married,3,0.83,521,1
1534,33,114457,212982,48,Unemployed,0,Divorced,3,0.79,561,1
1535,39,102310,348185,48,Self-Employed,1,Married,0,0.2,578,1
1536,56,64813,401064,48,Salaried,1,Divorced,2,0.81,567,1
1537,32,57198,377825,60,Unemployed,1,Divorced,3,0.85,557,1
1538,61,28820,284386,36,Unemployed,1,Married,1,0.29,446,1
1539,39,44070,393715,48,Self-Employed,0,Divorced,3,0.95,441,1
1540,32,89768,246553,24,Self-Employed,0,Divorced,0,0.05,439,1
1541,29,31122,310337,24,Unemployed,1,Single,2,0.15,436,1
1542,27,100559,177556,36,Salaried,1,Single,0,0.54,609,1
1543,48,93543,245246,12,Salaried,1,Single,0,0.58,599,1
1544,34,103441,76160,12,Unemployed,1,Single,0,0.65,625,1
1545,51,61786,296242,12,Self-Employed,1,Divorced,1,0.02,482,1
1546,39,114934,67633,24,Unemployed,0,Married,2,0.96,579,1
1547,36,119804,329158,12,Unemployed,1,Divorced,2,0.04,596,1
1548,25,26737,392676,60,Self-Employed,0,Divorced,1,0.14,327,1
1549,55,56062,99104,48,Unemployed,1,Divorced,2,0.01,470,1
1550,32,74237,484837,24,Unemployed,1,Married,0,0.57,561,1
1551,45,71571,389375,36,Unemployed,1,Single,2,0.93,592,1
1552,41,45510,118388,36,Self-Employed,1,Divorced,1,0.67,516,1
1553,56,39426,66014,48,Salaried,1,Divorced,0,0.82,519,1
1554,43,57265,142578,24,Salaried,1,Single,1,0.01,473,1
1555,36,37850,214827,12,Self-Employed,1,Divorced,3,0.54,488,1
1556,59,138249,90390,12,Salaried,1,Married,0,0.46,673,0
1557,62,86150,335855,60,Unemployed,1,Divorced,0,0.5,577,1
1558,59,107312,141658,60,Salaried,1,Divorced,2,0.07,575,1
1559,34,109613,107993,12,Unemployed,1,Single,0,0.68,640,1
1560,51,94910,255768,36,Salaried,1,Divorced,1,0.5,594,1
1561,25,72375,208285,36,Self-Employed,1,Divorced,2,0.77,578,1
1562,55,141826,296860,60,Salaried,1,Married,3,0.49,683,0
1563,43,55435,319565,48,Salaried,0,Single,1,0.15,383,1
1564,49,116443,268008,12,Salaried,1,Single,3,0.65,650,0
1565,63,77132,67727,60,Self-Employed,1,Married,3,0.17,527,1
1566,31,98945,424562,60,Salaried,1,Divorced,3,0.87,639,1
1567,38,102050,54358,12,Self-Employed,1,Single,0,0.61,619,1
1568,32,149828,377252,12,Unemployed,1,Single,1,0.16,666,1
1569,29,115402,307681,36,Salaried,0,Divorced,1,0.96,579,1
1570,30,22983,144018,48,Self-Employed,1,Divorced,0,0.52,458,1
1571,64,117241,436601,48,Self-Employed,1,Single,2,0.07,594,1
1572,37,40662,475333,12,Salaried,1,Divorced,3,0.63,503,1
1573,58,43510,344054,24,Unemployed,1,Single,1,0.25,470,1
1574,27,98187,176888,60,Self-Employed,1,Divorced,0,0.8,630,1
1575,33,60998,279104,60,Salaried,1,Divorced,3,0.82,561,1
1576,60,76846,367898,12,Unemployed,1,Married,2,0.98,607,1
1577,62,114071,243510,24,Self-Employed,1,Divorced,2,0.5,631,1
1578,29,26640,159847,36,Self-Employed,1,Married,3,0.45,458,1
1579,47,64547,472587,12,Unemployed,1,Divorced,2,0.75,561,1
1580,22,74620,494717,12,Unemployed,1,Single,1,0.13,518,1
1581,25,35317,350611,60,Salaried,1,Single,1,0.55,484,1
1582,49,135608,460841,12,Salaried,0,Divorced,1,0.55,577,1
1583,57,27564,346037,12,Self-Employed,1,Divorced,2,0.09,424,1
1584,58,47345,126329,12,Unemployed,0,Single,1,0.42,395,1
1585,39,133824,81007,60,Unemployed,1,Divorced,0,0.85,704,0
1586,28,114223,220604,36,Unemployed,1,Married,1,0.86,667,0
1587,21,143372,366397,36,Self-Employed,1,Married,1,0.1,647,1
1588,42,99273,62323,12,Unemployed,0,Married,2,0.09,461,1
1589,37,94859,423479,60,Unemployed,1,Married,1,0.26,570,1
1590,27,100765,162356,36,Self-Employed,1,Married,3,0.87,642,1
1591,45,130017,160944,36,Salaried,1,Divorced,0,0.13,625,1
1592,24,94038,254451,36,Salaried,1,Divorced,2,0.72,614,1
1593,56,143618,457426,60,Self-Employed,1,Married,0,0.1,648,1
1594,26,72393,328600,60,Unemployed,0,Divorced,3,0.62,463,1
1595,51,86081,81367,12,Self-Employed,1,Divorced,2,0.36,563,1
1596,39,145341,104624,48,Salaried,1,Married,2,0.79,720,0
1597,64,122650,453322,36,Salaried,1,Divorced,1,0.23,620,1
1598,59,49430,284565,48,Self-Employed,1,Divorced,0,0.64,521,1
1599,47,95532,118008,60,Self-Employed,0,Divorced,3,0.24,469,1
1600,30,47788,438070,60,Salaried,1,Married,3,0.71,524,1
1601,46,115505,427539,60,Self-Employed,0,Divorced,2,0.87,571,1
1602,39,68543,166492,48,Salaried,1,Single,1,0.13,506,1
1603,59,33919,122240,60,Self-Employed,1,Single,2,0.87,514,1
1604,23,89346,376459,12,Self-Employed,1,Married,2,0.59,592,1
1605,33,116122,251659,60,Self-Employed,1,Single,2,0.13,598,1
1606,48,59974,322900,24,Salaried,1,Married,2,0.43,520,1
1607,40,127309,348522,48,Self-Employed,0,Single,3,0.16,522,1
1608,48,36371,185327,24,Salaried,1,Single,3,0.7,501,1
1609,28,65084,457700,60,Salaried,1,Single,2,0.76,563,1
1610,61,49629,175703,12,Self-Employed,0,Married,2,0.11,368,1
1611,59,71184,368693,36,Self-Employed,1,Married,1,0.51,549,1
1612,21,81916,215575,60,Salaried,1,Divorced,2,0.81,600,1
1613,23,147293,385938,12,Salaried,1,Married,3,0.94,739,0
1614,33,93972,357257,48,Unemployed,1,Single,0,0.51,593,1
1615,48,82187,124069,24,Salaried,1,Single,3,0.95,615,1
1616,45,32984,279189,24,Unemployed,1,Married,1,0.54,479,1
1617,53,53039,448465,24,Unemployed,1,Married,3,0.39,503,1
1618,58,105431,301051,48,Unemployed,1,Married,0,0.85,649,1
1619,26,103691,462417,12,Self-Employed,1,Divorced,2,0.49,610,1
1620,64,78606,175541,48,Self-Employed,1,Single,0,0.47,560,1
1621,52,30616,239648,24,Salaried,1,Divorced,2,0.49,469,1
1622,41,122665,306353,60,Unemployed,1,Divorced,2,0.85,682,0
1623,36,125373,321830,36,Self-Employed,1,Single,3,0.83,686,0
1624,41,70072,365507,48,Self-Employed,1,Single,3,0.4,536,1
1625,31,44574,409687,48,Self-Employed,1,Married,3,0.33,480,1
1626,57,23430,181733,12,Self-Employed,1,Married,1,0.49,456,1
1627,56,139123,225915,12,Self-Employed,1,Divorced,3,0.57,686,0
1628,55,32676,145673,48,Unemployed,1,Married,1,0.24,448,1
1629,39,30816,92828,24,Unemployed,1,Married,3,0.79,500,1
1630,40,52733,360748,36,Unemployed,0,Single,2,0.49,412,1
1631,38,105680,322670,12,Unemployed,1,Single,1,0.33,598,1
1632,61,22050,381054,24,Salaried,1,Married,0,0.11,415,1
1633,34,129996,75592,60,Unemployed,1,Single,1,0.24,636,1
1634,35,53933,341126,12,Self-Employed,1,Married,1,0.95,560,1
1635,51,44951,312351,24,Unemployed,1,Single,0,0.31,479,1
1636,21,52413,282041,24,Salaried,0,Single,1,0.17,379,1
1637,23,54801,400877,36,Self-Employed,1,Single,2,0.46,513,1
1638,36,75619,280008,36,Unemployed,1,Single,3,0.31,538,1
1639,43,52913,174982,60,Unemployed,1,Married,0,0.04,467,1
1640,31,132573,306911,24,Unemployed,0,Divorced,3,0.32,548,1
1641,32,139076,118619,24,Self-Employed,0,Single,2,0.54,583,1
1642,30,60600,210400,36,Self-Employed,1,Married,0,0.55,533,1
1643,52,77775,358623,12,Salaried,1,Married,3,0.36,547,1
1644,36,110816,201175,12,Self-Employed,1,Single,3,0.45,620,1
1645,28,149972,220963,48,Self-Employed,1,Divorced,2,0.97,747,0
1646,58,110093,191826,36,Unemployed,1,Single,3,0.38,611,1
1647,32,132590,281055,48,Self-Employed,0,Married,2,0.26,543,1
1648,44,55400,393581,36,Unemployed,1,Divorced,1,0.24,492,1
1649,48,24494,148540,60,Unemployed,1,Married,2,0.46,455,1
1650,28,100688,385126,24,Self-Employed,1,Single,1,0.76,631,1
1651,48,142744,152747,60,Salaried,1,Divorced,0,0.21,657,1
1652,56,109431,236994,36,Salaried,1,Married,3,0.71,643,1
1653,46,94691,360375,24,Self-Employed,1,Married,2,0.02,546,1
1654,28,117419,79301,12,Salaried,1,Married,2,0.42,629,1
1655,48,128730,272724,12,Unemployed,0,Single,3,0.78,587,1
1656,48,63001,243783,48,Unemployed,0,Divorced,3,0.34,417,1
1657,57,87364,222395,36,Self-Employed,1,Single,0,0.56,586,1
1658,61,144988,68752,36,Salaried,0,Single,0,0.2,560,1
1659,56,65028,263277,12,Salaried,1,Single,2,0.74,561,1
1660,47,127434,410596,60,Unemployed,1,Divorced,0,0.05,612,1
1661,37,117659,194467,24,Self-Employed,1,Single,1,0.85,673,0
1662,29,57573,267029,60,Salaried,1,Single,0,0.2,492,1
1663,53,20806,433381,60,Self-Employed,1,Single,0,0.87,489,1
1664,40,144343,106273,12,Salaried,1,Single,2,0.35,674,0
1665,33,76638,308503,12,Unemployed,1,Married,1,0.72,581,1
1666,48,148301,141878,12,Unemployed,0,Single,0,0.32,579,1
1667,49,146295,317039,48,Self-Employed,1,Married,1,0.91,734,0
1668,33,126506,169968,60,Unemployed,1,Single,1,0.13,618,1
1669,55,49757,427844,36,Salaried,1,Divorced,1,0.18,475,1
1670,26,54636,126559,24,Unemployed,0,Married,3,0.49,416,1
1671,38,100097,60699,48,Self-Employed,1,Married,3,0.08,562,1
1672,25,68280,246133,36,Self-Employed,1,Married,3,0.2,513,1
1673,45,44262,59715,60,Self-Employed,1,Married,3,0.94,541,1
1674,22,100435,69169,12,Salaried,1,Divorced,2,0.98,653,0
1675,30,82211,168413,60,Salaried,1,Single,0,0.38,558,1
1676,50,74842,459379,24,Salaried,1,Married,3,0.92,597,1
1677,25,148583,169264,48,Salaried,1,Divorced,2,0.54,701,0
1678,53,76979,317926,48,Salaried,1,Married,0,0.27,537,1
1679,21,134524,269249,24,Unemployed,1,Single,3,0.7,690,0
1680,38,101470,174481,36,Salaried,0,Married,0,0.66,523,1
1681,52,58197,265400,36,Salaried,0,Divorced,3,0.99,472,1
1682,31,61844,85585,48,Unemployed,1,Single,2,0.27,507,1
1683,41,84754,342826,48,Salaried,1,Divorced,1,0.67,592,1
1684,46,121868,228936,12,Self-Employed,1,Single,1,0.05,601,1
1685,45,54157,442136,36,Salaried,0,Single,0,0.11,377,1
1686,42,97129,396560,24,Salaried,1,Single,2,0,548,1
1687,47,60042,498330,36,Self-Employed,0,Married,1,1,477,1
1688,33,81665,439954,12,Self-Employed,0,Divorced,3,0.8,499,1
1689,53,135512,88067,48,Self-Employed,1,Divorced,1,0.79,701,0
1690,54,136953,223757,48,Self-Employed,0,Divorced,0,0.51,576,1
1691,61,102856,303334,12,Salaried,1,Single,0,0.3,589,1
1692,55,47376,68073,24,Self-Employed,1,Married,2,0.15,468,1
1693,21,129049,86035,48,Self-Employed,1,Single,0,0.28,638,1
1694,41,75554,246049,60,Unemployed,0,Divorced,1,0.38,445,1
1695,26,34199,283782,48,Self-Employed,0,Married,1,0.76,403,1
1696,48,138533,140373,60,Self-Employed,0,Married,1,0.54,582,1
1697,37,101412,395506,12,Unemployed,0,Married,1,0.08,465,1
1698,25,70948,140517,12,Unemployed,1,Divorced,2,0.02,500,1
1699,51,93781,115450,48,Salaried,1,Married,3,0.1,552,1
1700,25,92750,60382,36,Unemployed,1,Married,3,0.41,581,1
1701,58,86262,447653,60,Salaried,1,Single,2,0.93,620,1
1702,23,137424,252043,24,Unemployed,1,Single,0,0.64,690,0
1703,43,66600,271427,48,Unemployed,1,Married,3,0.8,570,1
1704,57,96898,111929,24,Salaried,1,Married,0,0.47,595,1
1705,57,82483,283483,48,Unemployed,1,Single,3,0.36,556,1
1706,30,38297,278590,36,Salaried,1,Single,0,0.11,446,1
1707,30,50448,411008,36,Unemployed,1,Single,2,0.88,547,1
1708,39,46172,193401,36,Self-Employed,1,Divorced,1,0.78,528,1
1709,37,62874,306677,36,Unemployed,1,Divorced,0,0.17,499,1
1710,41,27657,337313,12,Salaried,1,Single,1,0.51,466,1
1711,34,104386,137468,12,Unemployed,1,Married,0,0.49,611,1
1712,29,145617,84594,60,Salaried,1,Single,0,0.63,705,0
1713,21,45425,241703,24,Salaried,1,Divorced,0,0.95,544,1
1714,33,46685,95033,48,Self-Employed,1,Married,0,0.58,509,1
1715,24,142000,113133,48,Self-Employed,1,Divorced,0,0.54,689,0
1716,21,132855,123861,12,Salaried,1,Married,1,0.05,622,1
1717,60,44578,233362,48,Unemployed,0,Divorced,0,0.06,353,1
1718,52,48831,343894,12,Salaried,0,Married,1,0.19,374,1
1719,54,27906,90461,60,Salaried,1,Married,2,0.03,418,1
1720,48,81413,128222,24,Unemployed,1,Married,3,0.74,592,1
1721,51,74028,162020,60,Unemployed,1,Married,0,0.72,576,1
1722,28,27287,336370,36,Unemployed,1,Divorced,3,0.14,428,1
1723,59,53660,318865,36,Unemployed,1,Divorced,1,0.84,549,1
1724,46,95758,499370,36,Salaried,1,Married,2,0.15,561,1
1725,54,80504,70609,60,Salaried,1,Married,2,0.3,546,1
1726,23,79720,495346,48,Self-Employed,1,Divorced,2,0.25,540,1
1727,32,122979,180513,24,Salaried,1,Married,3,0.37,635,1
1728,21,54701,253981,36,Unemployed,0,Married,1,0.25,392,1
1729,64,103300,154211,36,Self-Employed,0,Married,0,0.49,509,1
1730,25,130177,236321,36,Unemployed,1,Single,0,0.41,653,0
1731,50,37674,492111,24,Salaried,1,Married,1,0.99,533,1
1732,50,103560,448872,36,Self-Employed,1,Single,3,0.06,567,1
1733,37,131543,437009,24,Unemployed,0,Married,0,0.14,529,1
1734,43,43874,386664,36,Self-Employed,1,Divorced,1,0.05,451,1
1735,35,63642,376453,60,Self-Employed,0,Single,0,0.63,447,1
1736,57,143867,79984,60,Salaried,0,Single,2,0.05,543,1
1737,41,117820,168947,24,Unemployed,1,Married,0,0.84,672,0
1738,34,85160,254894,60,Self-Employed,1,Married,3,0.51,576,1
1739,22,37602,55901,24,Self-Employed,0,Single,1,0.53,387,1
1740,31,123320,212624,60,Unemployed,0,Divorced,3,0.56,555,1
1741,59,108801,272317,60,Self-Employed,1,Divorced,1,0.17,588,1
1742,58,45931,343199,24,Self-Employed,0,Married,2,0.2,370,1
1743,54,114377,218757,48,Self-Employed,1,Divorced,1,0.32,613,1
1744,58,49192,195788,60,Unemployed,1,Divorced,0,0.59,515,1
1745,54,66542,164099,36,Unemployed,0,Married,0,0.21,411,1
1746,38,147015,61138,48,Unemployed,0,Divorced,2,0.12,556,1
1747,50,62520,216370,24,Unemployed,1,Married,1,0.97,579,1
1748,35,84772,494328,48,Salaried,1,Single,2,0.02,527,1
1749,47,78762,73429,12,Self-Employed,1,Married,0,0.8,593,1
1750,54,70106,100200,12,Unemployed,1,Single,3,0.79,575,1
1751,58,101121,252380,60,Self-Employed,1,Single,2,0.3,586,1
1752,53,45559,491460,60,Self-Employed,1,Divorced,3,0.14,463,1
1753,44,125595,298289,36,Salaried,1,Divorced,3,0.15,618,1
1754,35,53742,295127,48,Unemployed,1,Divorced,1,0.7,535,1
1755,50,89669,413412,12,Unemployed,1,Married,2,0.64,598,1
1756,62,100199,286513,60,Self-Employed,1,Divorced,3,0.78,632,1
1757,37,41754,67347,48,Unemployed,1,Single,3,0.94,536,1
1758,25,23972,197992,60,Self-Employed,1,Divorced,1,0.69,477,1
1759,49,90831,81822,60,Self-Employed,0,Divorced,1,0.16,452,1
1760,24,132217,489875,12,Salaried,1,Married,0,0.24,640,1
1761,30,61873,90108,12,Salaried,1,Married,3,0.84,565,1
1762,37,114661,441099,60,Salaried,0,Single,0,0.21,503,1
1763,30,126532,57967,24,Self-Employed,0,Married,3,0.07,512,1
1764,37,146267,422863,60,Unemployed,1,Divorced,0,0.7,713,0
1765,40,29903,61871,60,Salaried,1,Married,1,0.4,459,1
1766,44,23020,275371,36,Unemployed,1,Single,2,0.92,498,1
1767,25,61755,258524,36,Salaried,1,Divorced,1,0.65,545,1
1768,54,105956,255342,36,Salaried,1,Single,0,0.09,574,1
1769,26,106988,214685,24,Self-Employed,0,Married,0,0.95,562,1
1770,22,65648,78179,24,Salaried,1,Married,2,0.26,514,1
1771,33,123537,301537,60,Salaried,1,Single,3,0.34,633,1
1772,63,145991,233260,36,Self-Employed,1,Divorced,0,0.4,682,0
1773,63,29516,367243,24,Unemployed,1,Married,0,0.05,423,1
1774,31,132863,85262,12,Salaried,1,Married,0,0.5,667,0
1775,43,135005,390357,60,Self-Employed,0,Divorced,2,0.12,533,1
1776,36,22396,429551,48,Salaried,1,Married,1,0.4,445,1
1777,51,104082,461484,60,Self-Employed,0,Single,0,0.35,497,1
1778,31,39129,398413,48,Unemployed,1,Married,2,0.77,514,1
1779,36,148322,110545,36,Unemployed,0,Married,0,0.8,627,1
1780,28,21591,284555,48,Self-Employed,0,Divorced,3,0.15,318,1
1781,24,31303,273894,36,Self-Employed,1,Single,2,0.37,459,1
1782,60,50561,253218,12,Self-Employed,1,Divorced,0,0.37,496,1
1783,24,91719,352066,48,Unemployed,1,Married,2,0.15,553,1
1784,45,138618,92913,60,Salaried,0,Married,0,0.8,608,1
1785,23,112108,409177,36,Unemployed,0,Divorced,1,0.71,548,1
1786,52,148748,416936,60,Self-Employed,1,Divorced,0,0.19,667,1
1787,23,119616,300497,24,Self-Employed,0,Divorced,2,0.37,529,1
1788,47,144165,498893,36,Unemployed,0,Single,3,0.11,550,1
1789,49,106231,493057,48,Self-Employed,1,Married,3,0.63,629,1
1790,52,27314,227404,36,Unemployed,1,Divorced,3,0.12,426,1
1791,39,137071,432007,60,Self-Employed,1,Married,0,0.99,724,0
1792,41,39623,206104,12,Salaried,1,Single,1,0.78,516,1
1793,25,87675,218918,36,Salaried,1,Single,0,0.39,569,1
1794,38,132992,240546,48,Self-Employed,1,Single,3,0.58,675,0
1795,48,116826,94936,24,Unemployed,1,Single,2,0.91,677,0
1796,62,85082,210866,12,Salaried,1,Married,3,0.55,580,1
1797,42,149839,242660,24,Unemployed,0,Single,2,0.17,567,1
1798,41,103624,252056,36,Self-Employed,1,Single,1,0.38,599,1
1799,26,125228,493547,60,Unemployed,0,Divorced,2,0.84,586,1
1800,21,53130,275469,60,Salaried,1,Single,0,0.64,528,1
1801,25,71756,78141,48,Unemployed,0,Divorced,0,0.65,465,1
1802,61,117624,452290,60,Unemployed,1,Single,0,0.87,675,0
1803,32,46292,187478,12,Self-Employed,1,Single,2,0.89,540,1
1804,46,131785,147359,60,Self-Employed,0,Divorced,0,0.92,607,1
1805,54,147331,435423,48,Self-Employed,0,Single,0,0.09,554,1
1806,34,106206,204363,36,Salaried,1,Married,0,0.54,620,1
1807,46,89274,91568,36,Salaried,1,Married,1,0.74,607,1
1808,47,22469,147539,60,Self-Employed,1,Single,2,0.76,481,1
1809,29,73947,96851,24,Self-Employed,1,Married,2,0.61,565,1
1810,46,42534,104823,36,Salaried,1,Divorced,3,0.17,460,1
1811,42,83620,73312,60,Salaried,1,Single,2,0.8,602,1
1812,50,68874,486324,48,Salaried,1,Single,1,0.72,566,1
1813,63,69708,477387,60,Salaried,1,Divorced,2,0.09,505,1
1814,37,94553,484995,36,Self-Employed,1,Divorced,1,0.46,589,1
1815,46,88344,249900,48,Salaried,1,Divorced,1,0.17,548,1
1816,56,69138,410867,60,Self-Employed,1,Single,2,0.34,528,1
1817,21,74302,324555,12,Unemployed,1,Divorced,3,0.02,506,1
1818,28,67638,299062,48,Unemployed,1,Divorced,0,0.4,532,1
1819,55,98249,369153,12,Salaried,0,Married,0,0.55,505,1
1820,35,125865,458638,24,Unemployed,0,Married,2,0.62,566,1
1821,42,22719,485684,48,Unemployed,1,Single,2,0.66,471,1
1822,34,42890,82371,12,Unemployed,1,Married,1,0.84,528,1
1823,46,97236,107022,36,Salaried,1,Married,2,0.22,571,1
1824,48,56509,383373,36,Salaried,0,Divorced,1,0.12,382,1
1825,43,62534,149071,24,Unemployed,1,Divorced,3,0.85,567,1
1826,34,122302,232268,48,Self-Employed,1,Married,2,0.16,613,1
1827,44,112241,408918,48,Unemployed,0,Married,0,0.97,574,1
1828,22,38787,338859,48,Salaried,1,Married,0,0.84,520,1
1829,46,146209,339749,24,Salaried,1,Single,2,0.5,693,0
1830,34,68845,149853,48,Salaried,1,Single,1,0.98,592,1
1831,27,77932,81174,36,Unemployed,1,Single,0,0.1,521,1
1832,23,112124,453172,12,Self-Employed,1,Married,1,0.3,607,1
1833,43,111659,126373,36,Salaried,1,Married,2,0.64,640,1
1834,63,53062,381396,36,Salaried,1,Single,2,0.35,499,1
1835,38,95713,243021,12,Unemployed,1,Single,0,0.93,639,1
1836,58,107263,243718,36,Self-Employed,1,Married,2,0.07,575,1
1837,55,115756,120017,24,Unemployed,1,Divorced,3,0.55,639,1
1838,35,80461,113037,12,Salaried,1,Single,3,0.59,575,1
1839,45,95418,139818,36,Self-Employed,1,Married,0,0.65,610,1
1840,57,86672,56548,60,Self-Employed,0,Married,3,0.26,454,1
1841,48,148232,166981,36,Salaried,1,Divorced,1,0.36,683,0
1842,30,54832,284213,24,Self-Employed,1,Married,0,0.84,551,1
1843,59,147335,254366,48,Self-Employed,0,Married,0,0.19,564,1
1844,37,51966,204249,36,Unemployed,1,Single,1,0.83,544,1
1845,59,92545,336166,48,Salaried,0,Single,3,0.56,496,1
1846,42,32987,156297,60,Salaried,1,Divorced,3,0.76,501,1
1847,46,57311,186614,36,Salaried,1,Divorced,3,0.71,543,1
1848,64,51575,272084,12,Salaried,1,Married,0,0.21,482,1
1849,45,83852,110428,48,Salaried,0,Single,0,0.57,480,1
1850,37,147650,203812,60,Self-Employed,0,Divorced,3,0.87,632,1
1851,33,21007,371497,12,Unemployed,1,Divorced,2,0.43,445,1
1852,40,90981,163132,12,Salaried,1,Divorced,3,0.97,634,1
1853,45,96242,237604,12,Unemployed,1,Married,1,0.45,592,1
1854,24,67517,66052,12,Unemployed,1,Single,0,0.14,505,1
1855,30,130022,150689,36,Self-Employed,1,Divorced,1,0.39,651,0
1856,23,49257,228148,36,Salaried,1,Single,1,0.95,551,1
1857,61,107272,496636,36,Self-Employed,1,Divorced,0,0.32,600,1
1858,38,62207,181743,60,Salaried,1,Divorced,2,0.87,568,1
1859,56,33281,312307,60,Self-Employed,1,Single,3,0.88,514,1
1860,42,81246,353568,60,Unemployed,1,Single,1,0.35,553,1
1861,54,21435,496960,24,Salaried,0,Single,0,0.08,311,1
1862,28,118875,453850,60,Unemployed,1,Married,1,0.72,662,0
1863,60,120686,185870,36,Unemployed,1,Divorced,3,0.31,625,1
1864,64,111357,334564,36,Self-Employed,0,Married,2,0.78,554,1
1865,39,46660,170575,24,Salaried,0,Single,2,0.44,395,1
1866,62,25084,308230,24,Unemployed,1,Divorced,2,0.49,459,1
1867,61,102197,341444,60,Self-Employed,1,Married,0,0.78,636,1
1868,57,33507,402025,48,Salaried,1,Divorced,0,0.38,464,1
1869,26,92595,60749,24,Salaried,1,Married,2,0.44,584,1
1870,46,103807,154131,12,Unemployed,1,Single,3,0.38,599,1
1871,54,65539,206193,36,Salaried,1,Married,3,0.37,525,1
1872,26,135953,440707,12,Unemployed,1,Divorced,0,0.53,676,0
1873,57,27491,349631,36,Salaried,1,Divorced,2,0.81,495,1
1874,53,147706,275019,36,Self-Employed,1,Divorced,3,0.36,682,0
1875,42,132831,476577,24,Unemployed,1,Divorced,3,0.52,669,0
1876,41,70192,333367,24,Unemployed,1,Single,3,0.67,564,1
1877,26,100395,122930,12,Salaried,1,Married,0,0.27,582,1
1878,26,143797,195128,36,Salaried,0,Single,2,0.28,566,1
1879,24,83888,340524,12,Unemployed,0,Single,1,0.93,516,1
1880,50,93609,338179,48,Salaried,1,Single,2,0.72,614,1
1881,31,29077,342764,12,Self-Employed,1,Divorced,2,0.58,475,1
1882,50,137440,463093,60,Salaried,1,Divorced,0,0.65,691,0
1883,51,142901,306553,12,Self-Employed,0,Divorced,3,0.03,539,1
1884,44,40953,498532,60,Self-Employed,0,Married,3,0.62,402,1
1885,29,96919,245113,60,Self-Employed,1,Divorced,0,0.51,599,1
1886,23,134682,429504,60,Self-Employed,1,Married,0,0.55,676,0
1887,51,141041,103352,48,Self-Employed,1,Divorced,0,0.36,669,0
1888,60,87889,474127,12,Salaried,1,Divorced,0,0.08,539,1
1889,57,43821,213856,12,Self-Employed,1,Single,0,0.19,465,1
1890,56,57567,53191,48,Salaried,1,Single,1,0.95,567,1
1891,44,135374,476376,36,Self-Employed,1,Single,2,0.41,663,0
1892,51,44860,402680,24,Unemployed,1,Married,2,0.47,495,1
1893,26,41195,154576,12,Self-Employed,1,Married,2,0.05,446,1
1894,22,97475,245713,24,Unemployed,1,Divorced,3,0.04,553,1
1895,40,110874,492939,48,Self-Employed,1,Married,1,0.72,647,1
1896,48,107266,53631,36,Self-Employed,1,Divorced,2,0.54,622,1
1897,31,41427,187244,36,Self-Employed,0,Married,3,0.51,392,1
1898,24,120732,354224,36,Unemployed,1,Married,1,0.24,618,1
1899,35,47083,270169,48,Unemployed,1,Married,1,0.74,526,1
1900,26,107046,140353,60,Self-Employed,1,Single,3,0.17,584,1
1901,50,77372,463497,60,Salaried,1,Married,1,0.19,529,1
1902,58,143786,78671,24,Self-Employed,1,Single,3,0.46,684,0
1903,22,64064,172811,60,Unemployed,0,Single,2,0.29,414,1
1904,35,27813,232503,60,Self-Employed,1,Married,3,0.25,440,1
1905,31,51598,271972,36,Unemployed,1,Divorced,1,0.65,526,1
1906,28,132718,303211,36,Unemployed,1,Divorced,2,0.65,682,0
1907,46,146879,439878,24,Unemployed,1,Divorced,2,0.82,726,0
1908,64,113106,274033,12,Self-Employed,1,Married,0,0.42,621,1
1909,25,47082,471818,24,Unemployed,1,Divorced,0,0.07,459,1
1910,26,49241,269861,24,Unemployed,1,Single,1,0.27,483,1
1911,46,116214,363543,48,Self-Employed,1,Divorced,3,0.98,683,0
1912,24,64569,204544,48,Unemployed,1,Married,3,0.6,546,1
1913,39,31745,230302,24,Self-Employed,1,Divorced,1,0.71,494,1
1914,40,46029,57099,24,Unemployed,1,Single,2,0.01,451,1
1915,53,33025,299686,24,Salaried,1,Married,1,0.52,477,1
1916,40,121660,468647,60,Salaried,1,Divorced,1,0.04,600,1
1917,32,143395,106492,48,Unemployed,1,Married,2,0.57,694,0
1918,21,34288,146722,24,Salaried,1,Married,3,0.92,519,1
1919,46,109186,490900,36,Self-Employed,1,Married,1,0.97,669,0
1920,34,26540,80111,36,Salaried,1,Divorced,3,0.54,467,1
1921,58,117768,113936,60,Unemployed,1,Married,1,0.46,634,1
1922,57,101958,203686,60,Unemployed,0,Divorced,2,0.95,553,1
1923,31,88878,273332,12,Self-Employed,0,Single,2,0.67,499,1
1924,56,61846,485207,12,Unemployed,1,Divorced,0,0.06,486,1
1925,33,121148,251548,12,Self-Employed,1,Single,2,0.47,642,1
1926,63,95932,299031,60,Salaried,1,Divorced,0,0.24,570,1
1927,23,37482,373064,60,Salaried,1,Married,1,0.47,481,1
1928,53,43411,113530,60,Self-Employed,1,Divorced,3,0.46,491,1
1929,26,70975,479440,36,Self-Employed,1,Married,2,0.58,556,1
1930,30,80545,319932,60,Unemployed,1,Single,2,0.36,552,1
1931,25,132302,78082,36,Salaried,0,Divorced,2,0.16,532,1
1932,43,98797,435431,12,Self-Employed,1,Married,1,0.5,602,1
1933,30,72307,139570,12,Salaried,1,Single,0,0.83,584,1
1934,64,23093,151015,12,Self-Employed,0,Single,1,0.66,372,1
1935,22,97258,257888,24,Salaried,1,Divorced,3,0.34,583,1
1936,33,42042,395732,24,Unemployed,0,Single,1,0.94,436,1
1937,60,72930,197603,48,Salaried,1,Married,3,0.91,593,1
1938,22,137584,400484,48,Salaried,1,Single,2,0.21,647,1
1939,40,64413,144439,48,Salaried,1,Single,3,0.04,489,1
1940,21,133387,488073,24,Salaried,1,Married,3,0.74,692,0
1941,57,113623,191214,24,Salaried,1,Single,0,0.83,663,0
1942,29,117883,165053,48,Unemployed,1,Single,3,0.97,685,0
1943,37,53756,98355,48,Self-Employed,1,Single,3,0.89,554,1
1944,29,73268,453082,60,Salaried,1,Single,1,0.6,562,1
1945,31,59214,251139,48,Unemployed,1,Married,2,0.53,528,1
1946,35,101871,284706,60,Salaried,1,Single,1,0.03,560,1
1947,44,147844,175426,36,Salaried,1,Married,1,0.25,671,1
1948,58,48602,114027,24,Self-Employed,1,Single,2,0.46,501,1
1949,55,73331,209210,48,Salaried,1,Single,2,0.63,566,1
1950,50,68901,142601,24,Unemployed,1,Single,3,0.56,550,1
1951,51,119986,79956,24,Unemployed,1,Single,3,0.74,666,0
1952,25,83416,288340,24,Self-Employed,1,Married,0,0.28,550,1
1953,64,52196,154797,36,Salaried,1,Married,1,0.56,518,1
1954,34,148386,437061,12,Unemployed,1,Married,2,0.09,656,1
1955,31,25626,438447,48,Salaried,1,Divorced,3,0.41,452,1
1956,29,27424,186511,12,Salaried,1,Single,2,0.75,489,1
1957,54,32857,490457,12,Salaried,1,Single,3,0.69,494,1
1958,32,130459,354677,12,Self-Employed,1,Married,0,0.99,711,0
1959,55,135621,471486,24,Salaried,1,Divorced,0,0.28,650,1
1960,55,39982,128815,60,Unemployed,1,Single,2,0.5,488,1
1961,21,96961,89279,24,Salaried,1,Married,0,0.33,581,1
1962,60,21980,421931,24,Unemployed,0,Single,2,0.44,348,1
1963,42,68290,467104,12,Salaried,0,Single,3,0.86,479,1
1964,49,46431,198702,24,Unemployed,0,Married,1,0.68,419,1
1965,28,104976,111063,12,Unemployed,1,Married,0,0.88,651,0
1966,31,127288,299599,60,Salaried,0,Single,3,0.2,526,1
1967,61,102711,304311,48,Salaried,0,Single,1,0.87,546,1
1968,57,134187,177896,12,Unemployed,1,Married,1,0.06,626,1
1969,34,46385,216216,60,Self-Employed,1,Single,1,0.89,540,1
1970,50,58158,495377,48,Salaried,1,Single,3,0.33,506,1
1971,55,43019,272146,36,Self-Employed,1,Married,3,0.31,475,1
1972,41,38639,258432,12,Salaried,0,Single,2,0.51,387,1
1973,57,105530,232051,12,Salaried,1,Single,1,0.94,658,0
1974,25,119911,147661,36,Salaried,1,Divorced,1,0.05,597,1
1975,39,41563,450195,36,Salaried,1,Married,1,0.35,476,1
1976,34,59341,469405,12,Self-Employed,1,Divorced,2,0.86,562,1
1977,46,135672,223672,36,Salaried,1,Divorced,1,0.4,662,0
1978,24,25776,173257,24,Unemployed,1,Divorced,3,0.2,431,1
1979,45,56444,398349,48,Unemployed,1,Single,1,0.42,512,1
1980,62,88916,319054,48,Self-Employed,0,Single,0,0.39,472,1
1981,45,28711,359001,48,Salaried,0,Divorced,3,0.92,409,1
1982,38,94318,84964,24,Unemployed,0,Divorced,2,0.76,519,1
1983,60,102970,468443,36,Self-Employed,1,Divorced,1,0.51,611,1
1984,28,132301,449194,60,Salaried,1,Single,0,0.99,715,0
1985,59,105553,329297,36,Unemployed,0,Divorced,2,0.47,512,1
1986,60,50707,371909,12,Unemployed,1,Divorced,2,0.06,465,1
1987,34,59110,280156,48,Self-Employed,1,Married,3,0.26,501,1
1988,52,149410,158212,36,Salaried,0,Married,2,0.44,593,1
1989,58,81788,89071,60,Salaried,1,Single,2,0.16,535,1
1990,53,102879,162990,12,Unemployed,0,Married,2,0.95,554,1
1991,43,58827,119519,24,Unemployed,1,Married,2,0.77,552,1
1992,35,127188,59503,24,Unemployed,1,Married,1,0.27,633,1
1993,53,25655,241775,60,Salaried,1,Single,1,0.59,470,1
1994,45,64859,145457,12,Self-Employed,0,Married,1,0.72,458,1
1995,37,73625,238938,48,Self-Employed,1,Single,1,0.94,597,1
1996,53,72098,197977,36,Salaried,0,Divorced,0,0.88,488,1
1997,22,35251,95838,12,Self-Employed,0,Married,1,0.52,381,1
1998,34,142413,437344,24,Unemployed,1,Single,2,0.77,712,0
1999,60,20526,139489,60,Self-Employed,1,Married,1,0.56,457,1
2000,60,88760,76806,60,Self-Employed,1,Divorced,1,0.55,587,1
